info architecture,new_page,permanent_url,sitemap_xml,content_type,parent,slug,slug_old,seo_title,seo_description,robots,advanced_robots,canonical_url,focus_keyword,seo_score,is_pillar_content,primary_term,schema_data,social_facebook_thumbnail,social_facebook_title,social_facebook_description,social_twitter_thumbnail,social_twitter_title,social_twitter_description,redirect_to,redirect_type
0.0 Home,https://env-introhive-thrillworks.kinsta.cloud/homepage/,https://www.introhive.com/,https://www.introhive.com/page-sitemap.xml,home,,hp-dec-2024,hp-dec-2024,#1 Relationship Intelligence Platform | Introhive,Introhive is a Relationship Intelligence platform that helps firms overcome data silos and unlock actionable relationship insights that drive collaboration and growth.,,,,,26,no,,"{""VideoObject"":{""@type"":""VideoObject"",""metadata"":{""title"":""Video"",""type"":""template"",""shortcode"":""s-68a3b9c4ab4b3"",""isPrimary"":false,""reviewLocationShortcode"":""[rank_math_rich_snippet]"",""category"":""%categories%"",""tags"":""%tags%"",""isAutoGenerated"":true},""name"":""%seo_title%"",""description"":""Enjoy the videos and music that you love, upload original content and share it all with friends, family and the world on YouTube."",""uploadDate"":""%date(Y-m-dTH:i:sP)%"",""thumbnailUrl"":""%post_thumbnail%"",""embedUrl"":""https://www.youtube.com/embed/SG-_9D6P5D4"",""contentUrl"":"""",""duration"":"""",""width"":"""",""height"":"""",""isFamilyFriendly"":true}}",,,,,,,,
,,,,,,,,,,,,,,,,,,,,,,,,,
1.1.1 Relationship Intelligence,https://env-introhive-thrillworks.kinsta.cloud/tw-template-feature-1-relationship-intelligence/,https://www.introhive.com/relationship-intelligence/,https://www.introhive.com/page-sitemap.xml,page,platform,relationship-intelligence,relationship-intelligence,,,,,,relationship intelligence,75,no,,"{""Article"":{""headline"":""%seo_title%"",""description"":""%seo_description%"",""datePublished"":""%date(Y-m-dTH:i:sP)%"",""dateModified"":""%modified(Y-m-dTH:i:sP)%"",""keywords"":""%keywords%"",""image"":{""@type"":""ImageObject"",""url"":""%post_thumbnail%""},""author"":{""@type"":""Person"",""name"":""%name%""},""@type"":""Article"",""metadata"":{""title"":""Article"",""type"":""template"",""isPrimary"":true}},""VideoObject"":{""@type"":""VideoObject"",""metadata"":{""title"":""Video"",""type"":""template"",""shortcode"":""s-681e123bc5eb8"",""isPrimary"":true,""reviewLocationShortcode"":""[rank_math_rich_snippet]"",""category"":""%categories%"",""tags"":""%tags%"",""isAutoGenerated"":true},""name"":""Ask Introhive and Signals"",""description"":""Discover Ask Introhive and Signals \\u2013 and how they empower teams with instant relationship insights and real-time alerts to drive smarter decisions. Learn how..."",""uploadDate"":""2025-04-01T13:32:52-07:00"",""thumbnailUrl"":""https://www.introhive.com/wp-content/uploads/2025/05/ask-introhive-and-signals.jpg"",""embedUrl"":""https://www.youtube.com/embed/1rtup0f-y7Q"",""contentUrl"":"""",""duration"":""PT2M44S"",""width"":""1280"",""height"":""720"",""isFamilyFriendly"":true}}",,,,,,,,
1.1.2 Data Automation,https://env-introhive-thrillworks.kinsta.cloud/tw-template-feature-1-data-automation/,https://www.introhive.com/data-automation/,https://www.introhive.com/page-sitemap.xml,page,platform,data-automation,data-automation,,,,,,,21,no,,"{""Article"":{""headline"":""%seo_title%"",""description"":""%seo_description%"",""datePublished"":""%date(Y-m-dTH:i:sP)%"",""dateModified"":""%modified(Y-m-dTH:i:sP)%"",""keywords"":""%keywords%"",""image"":{""@type"":""ImageObject"",""url"":""%post_thumbnail%""},""author"":{""@type"":""Person"",""name"":""%name%""},""@type"":""Article"",""metadata"":{""title"":""Article"",""type"":""template"",""isPrimary"":true}}}",,,,,,,,
1.1.3 Contact Management,https://env-introhive-thrillworks.kinsta.cloud/tw-template-feature-1-contact-management/,https://www.introhive.com/contact-management/,https://www.introhive.com/page-sitemap.xml,page,platform,contact-management,contact-management,,,,,,relationship intelligence,32,no,,,,,,,,,,
,,,,,,,,,,,,,,,,,,,,,,,,,
1.2.1 Data Quality,https://env-introhive-thrillworks.kinsta.cloud/tw-template-feature-2-data-quality/,https://www.introhive.com/data-quality/,https://www.introhive.com/page-sitemap.xml,page,platform,data-quality,data-quality,,,,,,,27,no,,"{""Article"":{""headline"":""%seo_title%"",""description"":""%seo_description%"",""datePublished"":""%date(Y-m-dTH:i:sP)%"",""dateModified"":""%modified(Y-m-dTH:i:sP)%"",""keywords"":""%keywords%"",""image"":{""@type"":""ImageObject"",""url"":""%post_thumbnail%""},""author"":{""@type"":""Person"",""name"":""%name%""},""@type"":""Article"",""metadata"":{""title"":""Article"",""type"":""template"",""isPrimary"":true}},""VideoObject"":{""@type"":""VideoObject"",""metadata"":{""title"":""Video"",""type"":""template"",""shortcode"":""s-6752930b4ea9c"",""isPrimary"":true,""reviewLocationShortcode"":""[rank_math_rich_snippet]"",""category"":""%categories%"",""tags"":""%tags%"",""isAutoGenerated"":true},""name"":""Freshfields Revolutionizes Customer Centricity with Introhive"",""description"":""As a global elite law firm and top-tier firm in the US, Freshfields Bruckhaus Deringer (Freshfields) serves clients in 150+ countries. Freshfields is a recog..."",""uploadDate"":""2022-10-25T13:29:46-07:00"",""thumbnailUrl"":""https://www.introhive.com/wp-content/uploads/2024/12/freshfields-revolutionizes-custo-1.jpg"",""embedUrl"":""https://www.youtube.com/embed/KjnNUAJfRFg"",""contentUrl"":"""",""duration"":""PT2M26S"",""width"":""1280"",""height"":""720"",""isFamilyFriendly"":true}}",,,,,,,,
1.2.2 Data Security,https://env-introhive-thrillworks.kinsta.cloud/tw-template-feature-2-data-security/,https://www.introhive.com/why-introhive-security/,https://www.introhive.com/page-sitemap.xml,page,platform,data-security,why-introhive-security,Data security | Why Introhive | Introhive,We earn trust by meeting and exceeding current data security and privacy standards while maintaining constant vigilance over our customer's data.,index,,,data security,75,no,,,,,,,,,,
1.2.3 Integrations,https://env-introhive-thrillworks.kinsta.cloud/tw-template-feature-2-intergrations/,https://www.introhive.com/integrations/,https://www.introhive.com/page-sitemap.xml,page,platform,integrations,integrations,Integrations and apps | Your technology stack | Introhive,Get the most out of your technology stack with a broad set of native integrations and apps. Unlock the full potential of Customer Intelligence.,,,,integration,81,no,,,,,,,,,,
,,,,,,,,,,,,,,,,,,,,,,,,,
2.1.1 See your firm's relationships,https://env-introhive-thrillworks.kinsta.cloud/tw-template-feature-3-firm-wide-relationship/,,,page,solutions,firm-wide-relationship-visibility,,,,,,,,,,,,,,,,,,,
2.1.2 Win and grow more business,https://env-introhive-thrillworks.kinsta.cloud/tw-template-feature-3-revenue-growth-cross-sell/,,,page,solutions,revenue-growth-and-cross-sell,,,,,,,,,,,,,,,,,,,
"2.1.3 Navigate change or M&A, Succession & Hiring",https://env-introhive-thrillworks.kinsta.cloud/tw-template-feature-3-change-transitions/,,,page,solutions,change-and-transitions,,,,,,,,,,,,,,,,,,,
"2.1.4 Power your CRM, Data & AI",https://env-introhive-thrillworks.kinsta.cloud/tw-template-feature-3-trusted-data-foundation/,,,page,solutions,trusted-data-foundation,,,,,,,,,,,,,,,,,,,
,,,,,,,,,,,,,,,,,,,,,,,,,
2.2.1 Firm Leadership,https://env-introhive-thrillworks.kinsta.cloud/tw-template-feature-3-firm-leadership/,,,page,solutions,firm-leadership,,,,,,,,,,,,,,,,,,,
2.2.2 Partners and Fee Earners,https://env-introhive-thrillworks.kinsta.cloud/tw-template-feature-3-partners-and-fee-earners/,https://www.introhive.com/solutions/managing-client-relationships/,https://www.introhive.com/page-sitemap.xml,page,solutions,partners-and-fee-earners,managing-client-relationships,Managing Client Relationships | Introhive,"Manage client relationships with Introhive. Get quick client insight dashboards, automate admin, and uncover growth opportunities—all without disruption.",,,,managing client relationship,75,no,,,,,,,,,,
2.2.3 Marketing and Business Development,https://env-introhive-thrillworks.kinsta.cloud/tw-template-feature-3-marketing-and-business-development/,https://www.introhive.com/solutions/business-development/,https://www.introhive.com/page-sitemap.xml,page,solutions,marketing-and-business-development,business-development,Professional Services Business Development | Introhive,"Drive growth with Introhive—built for business development in professional services. Automate CRM, enable cross sell opportunity identification, and strengthen client relationships.",,,,professional services business development,67,no,,,,,,,,,,
2.2.4 CRM and IT,https://env-introhive-thrillworks.kinsta.cloud/tw-template-feature-3-crm-and-it/,,,page,solutions,crm-and-it,,,,,,,,,,,,,,,,,,,
,,,,,,,,,,,,,,,,,,,,,,,,,
2.3.1 Legal,https://env-introhive-thrillworks.kinsta.cloud/tw-template-feature-3-legal/,https://www.introhive.com/solutions/law-firms/,https://www.introhive.com/page-sitemap.xml,page,solutions,legal,law-firms,Legal Industry Solutions %sep% %sitename%,"Introhive helps law firms automate data entry, strengthen client relationships, and drive growth with AI-powered insights. Book a demo today!


",,,,,20,no,,,,,,,,,,
2.3.2 Accounting,https://env-introhive-thrillworks.kinsta.cloud/tw-template-feature-3-accounting/,https://www.introhive.com/solutions/accounting/,https://www.introhive.com/page-sitemap.xml,page,solutions,accounting,accounting,Accounting Industry Solutions %sep% %sitename%,"Introhive helps accounting firms automate data entry, enhance client relationships, and drive growth with AI-powered insights. Book a demo today!",,,,,20,no,,,,,,,,,,
2.3.3 Consulting,https://env-introhive-thrillworks.kinsta.cloud/tw-template-feature-3-consulting/,https://www.introhive.com/solutions/consulting/,https://www.introhive.com/page-sitemap.xml,page,solutions,consulting,consulting,Consulting Industry Solutions %page% %sep% %sitename%,"Introhive helps consulting firms automate data entry, enhance client relationships, and drive growth with AI-powered insights. Book a demo today!",index,,,,26,no,,,,,,,,,,
2.3.4 Built Environment,https://env-introhive-thrillworks.kinsta.cloud/tw-template-feature-3-built-environment/,https://www.introhive.com/solutions/built-environment/,https://www.introhive.com/page-sitemap.xml,page,solutions,built-environment,built-environment,Built Environment Solutions | Introhive,"Introhive helps built environments automate data entry, strengthen relationships, and unlock opportunities. Book a demo today!",,,,,26,no,,,,,,,,,,
,,,,,,,,,,,,,,,,,,,,,,,,,
5.1 About Introhive,https://env-introhive-thrillworks.kinsta.cloud/tw-template-informational-page-about/,https://www.introhive.com/about-introhive/,https://www.introhive.com/page-sitemap.xml,page,,about-introhive,about-introhive,Grow revenue | Get to know us | Introhive,"Learn more about the Introhive mission, vision, leadership team, investors, and how we help customers find, win, and grow more revenue.",index,,,revenue,75,no,,"{""VideoObject"":{""@type"":""VideoObject"",""metadata"":{""title"":""Video"",""type"":""template"",""shortcode"":""s-681bbe8f7653c"",""isPrimary"":false,""reviewLocationShortcode"":""[rank_math_rich_snippet]"",""category"":""%categories%"",""tags"":""%tags%"",""isAutoGenerated"":true},""name"":""Verity Gregson | HaysMac Testimonial"",""description"":""Headquartered in London, HaysMac is a chartered accountancy and tax advisory firm offering a wide range of professional services, from audit and assurance, t..."",""uploadDate"":""2024-12-12T06:23:54-08:00"",""thumbnailUrl"":""https://www.introhive.com/wp-content/uploads/2025/05/verity-gregson-haysmac-testimoni-2.jpg"",""embedUrl"":""https://www.youtube.com/embed/b89896rF6hk"",""contentUrl"":"""",""duration"":""PT1M12S"",""width"":""1280"",""height"":""720"",""isFamilyFriendly"":true}}",,,,,,,,
5.2 Careers,https://env-introhive-thrillworks.kinsta.cloud/tw-template-informational-page-careers/,https://www.introhive.com/careers/,https://www.introhive.com/page-sitemap.xml,page,,careers,careers,How do you want to work? | Introhive Careers,You will work alongside world-class talent to help us accelerate record-breaking growth. View remote and in person career opportunities here.,index,,,"introhive careers,introhive jobs",57,no,,"{""Article"":{""@type"":""Article"",""metadata"":{""title"":""Article"",""type"":""template"",""shortcode"":""s-643e913d67d4a"",""isPrimary"":""1""},""headline"":""%seo_title%"",""description"":""%seo_description%"",""author"":{""@type"":""Person"",""name"":""%name%""}},""FAQPage"":{""metadata"":{""type"":""template"",""shortcode"":""s-0eb049d3-9a40-4e05-a1ef-ed95d838412b"",""isPrimary"":"""",""title"":""FAQ"",""reviewLocationShortcode"":""[rank_math_rich_snippet]""},""@type"":""FAQPage"",""name"":""%seo_title%"",""url"":""%url%"",""datePublished"":""%date(Y-m-dTH:i:sP)%"",""dateModified"":""%modified(Y-m-dTH:i:sP)%"",""mainEntity"":[{""@type"":""Question"",""name"":""Who are we?"",""url"":""https://www.introhive.com/careers/"",""acceptedAnswer"":{""@type"":""Answer"",""text"":""Founded in 2012, Introhive is the fastest-growing B2B revenue acceleration solution.  We are an AI-powered SaaS platform designed to help organizations realize the full value of their relationships and underutilized data.\\n\\nOur elite team of  350+ members spans 7 offices in 4 countries and our remote workforce spans 50+ cities.\\n\\nWe proudly commit to fostering, cultivating, and preserving a culture of diversity, equity, and inclusion for all our employees.""}},{""@type"":""Question"",""name"":""Why should you join?"",""url"":""https://www.introhive.com/careers/"",""acceptedAnswer"":{""@type"":""Answer"",""text"":""We focus on career development and advancement. People are at the core of everything we do. We are Great Place to Work\\u00ae-certified in Canada and were recently named among Canada\\u2019s Best Workplaces\\u2122 for Start-Ups, Women, and technology. We\\u2019re also a proud sponsor of Women in Sales Everywhere (WISE). And if that wasn\\u2019t enough, we were awarded the 2019 and 2020 Deloitte Technology Fast 50\\u2122 and Fast 500\\u2122 Awards.\\n\\nIf you\\u2019re a self-starter and interested in joining a company that values good ideas ahead of hierarchical processes to develop an industry-best platform\\u2014and have a lot of fun along the way\\u2014you just might be a good fit for our team.""}}]}}",,,,,,,,
5.3 Partners,https://env-introhive-thrillworks.kinsta.cloud/tw-template-informational-page-our-partners/,https://www.introhive.com/partners/,https://www.introhive.com/page-sitemap.xml,page,,our-partners,partners,Our Partners | Strategic Alliances | Introhive,"Introhive drives digital transformation through a variety of partnerships, serving shared customers through our commitment to mutual success.",index,,,partners,88,no,,"{""Article"":{""headline"":""%seo_title%"",""description"":""%seo_description%"",""datePublished"":""%date(Y-m-dTH:i:sP)%"",""dateModified"":""%modified(Y-m-dTH:i:sP)%"",""image"":{""@type"":""ImageObject"",""url"":""%post_thumbnail%""},""author"":{""@type"":""Person"",""name"":""%name%""},""@type"":""Article"",""metadata"":{""title"":""Article"",""type"":""template"",""isPrimary"":true}},""VideoObject"":{""@type"":""VideoObject"",""metadata"":{""title"":""Video"",""type"":""template"",""shortcode"":""s-66d98ec57d488"",""isPrimary"":false,""reviewLocationShortcode"":""[rank_math_rich_snippet]"",""category"":""%categories%"",""tags"":""%tags%"",""isAutoGenerated"":true},""name"":""Laing O&#39;Rourke&#39;s Digital Transformation Journey with Introhive &amp; BrightGen"",""description"":""Check out how Introhive and BrightGen collaborated with our mutual customer, Laing O&#39;Rourke, to realize the full potential of Salesforce and Customer Intelli..."",""uploadDate"":""2022-07-11T07:53:46-07:00"",""thumbnailUrl"":""https://www.introhive.com/wp-content/uploads/2024/09/laing-orourkes-digital-transform.jpg"",""embedUrl"":""https://www.youtube.com/embed/lJ6SMTksWdE"",""contentUrl"":"""",""duration"":""PT3M42S"",""width"":""1280"",""height"":""720"",""isFamilyFriendly"":true}}",,,,,,,,
,,,,,,,,,,,,,,,,,,,,,,,,,
5.4 Contact Us,https://env-introhive-thrillworks.kinsta.cloud/tw-template-form-contact-us/,https://www.introhive.com/contact-us/,https://www.introhive.com/page-sitemap.xml,page,,contact-us,contact-us,Contact us | Learn more | Introhive,"Contact us to learn more about how we are working with data and revenue teams to find, win, and grow client opportunities.",index,,,contact us,70,no,,,,,,,,,,
0.1.0 Customer Support,https://env-introhive-thrillworks.kinsta.cloud/tw-template-form-customer-support/,https://www.introhive.com/customer-support/,https://www.introhive.com/page-sitemap.xml,page,,customer-support,customer-support,Customer support | Account questions | Introhive,"Let us know how we can provide you with timely customer support and answer any Introhive account questions, comments, or concerns.",,,,customer support,65,no,,,,,,,,,,
0.2.0 Book a Demo,https://env-introhive-thrillworks.kinsta.cloud/tw-template-form-book-a-demo/,https://www.introhive.com/demo/,,page,,book-a-demo,demo,,,,,,,,,,,,,,,,,,